<?xml version="1.0" encoding="UTF-8" ?>
<COMPATIBILITY_MATRIX>
    <PLUGIN name="local_dompdf">
        <PHP version="7.2.0" level="required" />
        <PHP_EXTENSIONS>
            <PHP_EXTENSION name="dom" level="required" />
            <PHP_EXTENSION name="mbstring" level="required" />
            <PHP_EXTENSION name="gd" level="required" />
            <PHP_EXTENSION name="imagick" level="optional" />
            <PHP_EXTENSION name="gmagick" level="optional" />
        </PHP_EXTENSIONS>
    </PLUGIN>
</COMPATIBILITY_MATRIX>