<?xml version="1.0"?>
<libraries>
    <library>
        <location>vendor/dompdf/dompdf</location>
        <name>DomPdf</name>
        <version>v3.0.0</version>
        <license>LGPL</license>
        <licenseversion>2.1</licenseversion>
    </library>
    <library>
        <location>vendor/phenx/php-font-lib</location>
        <name>PHP Font Lib</name>
        <version>1.0.0</version>
        <license>LGPL</license>
        <licenseversion>3.0</licenseversion>
    </library>
    <library>
        <location>vendor/phenx/php-svg-lib</location>
        <name>SVG file parsing and rendering lib</name>
        <version>1.0.0</version>
        <license>LGPL</license>
        <licenseversion>3.0</licenseversion>
    </library>
    <library>
        <location>vendor/sabberworm/php-css-parser</location>
        <name>PHP CSS Parser</name>
        <version>v8.6.0</version>
        <license>MIT</license>
        <licenseversion></licenseversion>
    </library>
    <library>
        <location>vendor/masterminds/html5</location>
        <name>An HTML5 parser and serializer</name>
        <version>2.9.0</version>
        <license>MIT</license>
        <licenseversion></licenseversion>
    </library>
    <library>
        <location>vendor/composer/installers</location>
        <name>A multi-framework Composer library installer</name>
        <version>v2.3.0</version>
        <license>MIT</license>
        <licenseversion></licenseversion>
    </library>
</libraries>
